created_at,sentiment,fear,anger,anticipation,trust,surprise,positive,negative,sadness,disgust,joy,emotional_words
2021-05-30 19:22:59,-0.4215,0.14285714285714285,0.2857142857142857,0.0,0.0,0.0,0.0,0.42857142857142855,0.14285714285714285,0.0,0.0,"victim,argument,denial"
2021-05-30 19:02:26,-0.9287,0.08695652173913043,0.08695652173913043,0.0,0.08695652173913043,0.08695652173913043,0.13043478260869565,0.2608695652173913,0.043478260869565216,0.043478260869565216,0.08695652173913043,"stereotyped,status,white,supremacy,uneducated,violent"
2021-05-30 18:53:15,0.6808,0.0,0.0,0.0,0.29411764705882354,0.0,0.29411764705882354,0.058823529411764705,0.058823529411764705,0.0,0.11764705882352941,"real,white,superiority,dare,lowly,agreeing"
2021-04-21 06:17:42,0.5719,0.0,0.0,0.0,0.3333333333333333,0.0,0.3333333333333333,0.3333333333333333,0.0,0.0,0.0,"conviction,justice"
2021-04-21 06:05:56,-0.25,0.0,0.0,0.0,0.0,0.0,0.0,0.0,0.0,0.0,0.0,
2021-04-09 17:27:16,-0.6124,0.2,0.1,0.0,0.0,0.1,0.0,0.2,0.2,0.1,0.0,"sorrow,death"
2021-04-07 20:38:46,0.0,0.0,0.0,0.0,0.0,0.0,0.0,0.0,0.0,0.0,0.0,
2021-04-06 16:00:03,0.5994,0.0,0.0,0.0,0.25,0.0,0.25,0.25,0.0,0.0,0.0,"wait,word"
2021-04-02 07:50:36,-0.4215,0.0,0.0,0.0,0.16666666666666666,0.16666666666666666,0.16666666666666666,0.16666666666666666,0.16666666666666666,0.0,0.16666666666666666,"cry,smile"
2021-03-31 13:38:26,-0.6808,0.16666666666666666,0.0,0.0,0.16666666666666666,0.0,0.16666666666666666,0.16666666666666666,0.0,0.0,0.16666666666666666,"church,suspect"
2021-03-29 14:03:38,-0.6048,0.0,0.0,0.0,0.3333333333333333,0.0,0.3333333333333333,0.16666666666666666,0.0,0.16666666666666666,0.0,"weird,professional,major,constantly"
2021-03-22 21:58:11,0.3182,0.0,0.0,0.0,0.0,0.0,0.0,0.0,0.0,0.0,0.0,happen
2021-03-09 22:31:32,0.0,0.0,0.0,0.0,0.0,0.0,0.0,0.0,0.0,0.0,0.0,
2021-02-20 01:16:31,-0.5927,0.0,0.14285714285714285,0.0,0.14285714285714285,0.0,0.0,0.2857142857142857,0.2857142857142857,0.14285714285714285,0.0,"constantly,disappointed,lower"
2021-02-14 16:27:36,0.2789,0.25,0.25,0.0,0.0,0.0,0.25,0.25,0.0,0.0,0.0,"speech,mob"
2021-02-14 15:44:55,-0.296,0.0,0.0,0.0,0.0,0.0,0.0,1.0,0.0,0.0,0.0,addiction
2021-02-14 15:13:16,-0.0572,0.0,0.0,0.0,0.5,0.0,0.5,0.0,0.0,0.0,0.0,"talk,law"
2021-02-11 09:03:38,-0.1308,0.0,0.0,0.0,0.25,0.0,0.25,0.0,0.0,0.0,0.25,white
2021-02-07 18:57:34,0.3612,0.3333333333333333,0.0,0.0,0.0,0.0,0.0,0.3333333333333333,0.0,0.0,0.0,risk
2021-02-05 04:40:29,-0.25,0.0,0.0,0.0,0.0,0.0,0.0,1.0,0.0,0.0,0.0,gorilla
2021-02-05 02:22:05,0.7579,0.0,0.0,0.0,1.0,0.0,0.0,0.0,0.0,0.0,0.0,personal
2021-02-02 21:53:51,0.0,0.0,0.0,0.0,0.0,0.0,1.0,0.0,0.0,0.0,0.0,working
2021-02-02 21:45:38,0.1779,0.0,0.0,0.0,0.0,0.0,0.0,0.0,0.0,0.0,0.0,
2021-02-02 21:44:49,0.1779,0.0,0.0,0.0,0.0,0.0,0.0,0.0,0.0,0.0,0.0,
2021-02-02 21:27:00,0.4939,0.0,0.0,0.0,0.16666666666666666,0.16666666666666666,0.16666666666666666,0.08333333333333333,0.0,0.16666666666666666,0.16666666666666666,"communication,finally,wonderfully,weird"
2021-02-02 00:35:44,0.0,0.0,0.0,0.0,1.0,0.0,0.0,0.0,0.0,0.0,0.0,system
2021-02-02 00:31:28,-0.6166,0.0,0.0,0.0,0.0,0.0,0.0,0.0,0.0,0.0,0.0,
2021-01-31 15:35:10,0.5106,0.0,0.0,0.0,0.0,0.0,0.0,0.0,0.0,0.0,0.0,
2021-01-29 01:24:45,0.128,0.0,0.0,0.0,0.0,0.0,1.0,0.0,0.0,0.0,0.0,learn
2021-01-29 01:24:32,0.0,0.0,0.0,0.0,0.0,0.0,0.3333333333333333,0.3333333333333333,0.0,0.0,0.0,"public,stocks"
2021-01-29 01:23:27,0.0,0.0,0.0,0.0,0.0,0.0,0.0,1.0,0.0,0.0,0.0,stocks
2021-01-26 21:23:18,0.0,0.0,0.0,0.0,0.0,0.0,0.5,0.5,0.0,0.0,0.0,"filibuster,including"
2021-01-24 00:49:19,0.0,0.0,0.0,0.0,0.0,0.0,0.0,0.0,0.0,0.0,0.0,
2021-01-22 00:04:21,-0.2732,0.0,0.0,0.0,0.0,0.0,1.0,0.0,0.0,0.0,0.0,cleaning
2021-01-21 23:23:29,0.2263,0.0,0.0,0.0,0.0,0.0,1.0,0.0,0.0,0.0,0.0,land
2021-01-21 23:16:00,0.0,0.0,0.0,0.0,0.0,0.0,0.0,0.0,0.0,0.0,0.0,
2021-01-21 16:39:01,0.0,0.0,0.0,0.0,0.0,0.0,1.0,0.0,0.0,0.0,0.0,contribute
2021-01-21 16:20:39,0.0,0.0,0.0,0.0,0.2,0.2,0.2,0.0,0.0,0.0,0.2,good
2021-01-21 16:13:17,0.4019,0.0,0.0,0.0,0.0,0.0,0.0,0.0,0.0,0.0,0.0,
2021-01-21 16:10:08,0.0,0.0,0.0,0.0,0.0,0.0,0.0,0.0,0.0,0.0,0.0,
2021-01-21 16:09:46,0.1901,0.0,0.0,0.0,0.25,0.0,0.25,0.0,0.0,0.0,0.25,inauguration
2021-01-21 16:08:39,0.8881,0.0,0.0,0.0,0.2,0.1,0.2,0.0,0.0,0.1,0.2,"happy,finally"
2021-01-21 16:08:07,0.4939,0.0,0.0,0.0,0.0,0.0,1.0,0.0,0.0,0.0,0.0,degree
2021-01-21 16:07:16,-0.2263,0.0,0.0,0.0,0.2,0.0,0.2,0.0,0.0,0.0,0.2,"inauguration,time"
2021-01-21 05:57:21,0.0,0.0,0.0,0.0,0.0,0.0,0.0,0.0,0.0,0.0,0.0,
2021-01-21 05:56:29,0.0,0.0,0.0,0.0,0.0,0.0,0.0,0.0,0.0,0.0,0.0,
2021-01-21 05:56:05,0.9475,0.0,0.0,0.0,0.2222222222222222,0.1111111111111111,0.3333333333333333,0.0,0.0,0.0,0.2222222222222222,"happy,forward,wonderful"
2021-01-21 05:43:26,0.0,0.0,0.0,0.0,0.0,0.0,0.0,0.0,0.0,0.0,0.0,
2021-01-21 05:42:03,0.6125,0.0,0.0,0.0,0.0,0.0,0.0,0.0,0.0,0.0,0.0,
2021-01-21 05:39:54,-0.2023,0.0,0.0,0.0,0.5,0.0,0.5,0.0,0.0,0.0,0.0,president
2021-01-20 17:00:41,0.0,0.0,0.0,0.0,0.0,0.0,0.0,0.0,0.0,0.0,0.0,
2021-01-20 16:19:47,0.0,0.0,0.0,0.0,0.0,0.0,0.0,0.0,0.0,0.0,0.0,
2021-01-20 12:16:46,0.0,0.0,0.0,0.0,0.0,0.0,0.0,0.0,0.0,0.0,0.0,
2021-01-20 12:16:19,0.6597,0.3333333333333333,0.0,0.0,0.0,0.0,0.0,0.3333333333333333,0.0,0.3333333333333333,0.0,swamp
2021-01-20 12:10:07,0.3182,0.0,0.0,0.0,0.2,0.0,0.6,0.0,0.0,0.0,0.2,"full,pardon,notable"
2021-01-20 02:50:46,0.0,0.0,0.0,0.0,0.0,0.0,0.0,0.0,0.0,0.0,0.0,
2021-01-20 02:48:34,0.0,0.0,0.0,0.0,0.0,0.0,0.0,0.0,0.0,0.0,0.0,
2021-01-20 02:36:05,-0.2732,0.2,0.0,0.0,0.0,0.0,0.2,0.2,0.2,0.2,0.0,"prospect,failure"
2021-01-20 02:26:25,0.0,0.0,0.0,0.0,0.0,0.0,0.5,0.0,0.0,0.0,0.5,jump
2021-01-20 02:13:37,0.2023,0.0,0.0,0.0,0.0,0.0,0.0,0.0,0.0,0.0,0.0,
2021-01-20 02:13:24,0.0,0.0,0.0,0.0,0.0,0.0,0.0,0.0,0.0,0.0,0.0,tomorrow
2021-01-20 02:09:21,0.0,0.0,0.0,0.0,0.0,0.0,0.0,0.0,0.0,0.0,0.0,
2021-01-20 00:54:32,-0.5267,0.0,0.0,0.0,0.0,0.0,0.0,0.0,0.0,0.0,0.0,
2021-01-18 14:27:30,0.0,0.0,0.0,0.0,0.0,0.0,0.0,0.0,0.0,0.0,0.0,
2021-01-13 01:15:58,-0.1695,0.0,0.0,0.0,0.0,1.0,0.0,0.0,0.0,0.0,0.0,surprised
2021-01-13 01:14:57,-0.34,0.125,0.125,0.0,0.0,0.0,0.125,0.25,0.125,0.125,0.0,"resign,immediately"
2021-01-13 01:14:02,0.0,0.0,0.0,0.0,0.0,0.0,0.0,0.0,0.0,0.0,0.0,
2021-01-11 00:37:37,-0.0772,0.1111111111111111,0.0,0.0,0.2222222222222222,0.0,0.2222222222222222,0.1111111111111111,0.0,0.1111111111111111,0.1111111111111111,"impeach,president,inauguration"
2021-01-07 00:35:16,0.4019,0.0,0.0,0.0,0.0,0.0,0.3333333333333333,0.0,0.0,0.0,0.3333333333333333,holiday
2021-01-07 00:26:24,0.0,0.0,0.0,0.0,0.5,0.0,0.5,0.0,0.0,0.0,0.0,president
2021-01-07 00:23:02,0.0,0.0,0.0,0.0,0.0,0.0,0.0,0.0,0.0,0.0,0.0,
2021-01-06 23:52:39,-0.7579,0.14285714285714285,0.2857142857142857,0.0,0.0,0.0,0.0,0.2857142857142857,0.14285714285714285,0.14285714285714285,0.0,"denounce,violence"
2021-01-06 22:36:49,0.0,0.0,0.0,0.0,0.0,0.0,0.0,1.0,0.0,0.0,0.0,hypocrisy
2021-01-03 05:24:10,0.2263,0.1,0.2,0.0,0.0,0.0,0.2,0.2,0.0,0.0,0.1,"veto,defense,denying,accomplish"
2021-01-03 05:22:18,-0.6124,0.0,0.1,0.0,0.1,0.1,0.2,0.1,0.2,0.0,0.1,"lone,population,vote"
2021-01-03 05:19:43,0.0516,0.0,0.0,0.0,0.25,0.0,0.5,0.0,0.0,0.0,0.125,"white,provide,assistance,supported"
2021-01-03 05:11:37,-0.2714,0.1,0.0,0.0,0.1,0.2,0.3,0.1,0.1,0.0,0.1,"giving,embarrassment,hilarious,general"
2021-01-03 03:57:34,0.8779,0.0,0.0,0.0,0.18181818181818182,0.09090909090909091,0.2727272727272727,0.0,0.09090909090909091,0.0,0.18181818181818182,"culture,wonderful,ultimate,white"
2021-01-03 03:34:14,0.4588,0.0,0.0,0.0,0.0,0.0,0.3333333333333333,0.0,0.0,0.0,0.3333333333333333,glad
2020-12-22 09:59:43,-0.5106,0.0,0.2,0.0,0.0,0.2,0.0,0.2,0.2,0.2,0.0,insult
2020-12-22 09:59:14,0.0,0.0,0.0,0.0,0.0,0.0,1.0,0.0,0.0,0.0,0.0,vaccine
2020-11-25 18:14:54,0.0,0.0,0.0,0.0,0.0,0.0,0.0,0.0,0.0,0.0,0.0,
2020-11-21 00:46:37,-0.5719,0.0,0.1111111111111111,0.0,0.1111111111111111,0.1111111111111111,0.1111111111111111,0.1111111111111111,0.1111111111111111,0.1111111111111111,0.1111111111111111,"negative,morals"
2020-11-16 20:42:17,-0.0018,0.25,0.25,0.0,0.0,0.25,0.0,0.25,0.0,0.0,0.0,"surprised,force"
2020-11-16 20:39:30,-0.0258,0.0,0.0,0.0,0.0,0.0,0.0,0.5,0.5,0.0,0.0,negative
2020-11-16 20:31:40,0.0,0.0,0.0,0.0,0.0,0.0,0.0,0.0,0.0,0.0,0.0,
2020-11-16 20:30:47,-0.3493,0.0,0.0,0.0,0.0,0.0,0.0,0.0,0.0,0.0,0.0,
2020-11-16 20:29:32,0.91,0.3333333333333333,0.0,0.0,0.0,0.0,0.3333333333333333,0.3333333333333333,0.0,0.0,0.0,"mortgage,relief,small"
2020-11-16 20:29:03,-0.8625,0.2,0.2,0.0,0.0,0.0,0.0,0.2,0.2,0.2,0.0,resign
2020-11-16 20:28:27,-0.8074,0.0,0.25,0.0,0.25,0.0,0.25,0.25,0.0,0.0,0.0,"confirmed,fraud"
2020-11-14 21:22:46,0.0,0.0,0.0,0.0,0.0,0.0,0.0,0.0,0.0,0.0,0.0,
2020-11-14 21:10:20,0.1027,0.0,0.25,0.0,0.25,0.0,0.25,0.25,0.0,0.0,0.0,"pretending,president"
2020-11-14 21:09:26,-0.4019,0.16666666666666666,0.16666666666666666,0.0,0.0,0.16666666666666666,0.0,0.16666666666666666,0.16666666666666666,0.16666666666666666,0.0,lose
2020-11-08 14:18:49,-0.3089,0.0,0.0,0.0,0.25,0.0,0.25,0.0,0.25,0.25,0.0,"follower,interested"
2020-11-07 16:46:51,-0.2263,0.0,0.0,0.0,0.0,0.0,0.0,0.3333333333333333,0.3333333333333333,0.3333333333333333,0.0,pathetic
2020-11-07 16:46:23,-0.5267,0.0,0.0,0.0,0.0,0.0,0.0,0.0,0.0,0.0,0.0,
2020-11-07 16:42:32,0.0,0.0,0.0,0.0,0.0,0.0,0.0,0.0,0.0,0.0,0.0,
2020-11-07 16:42:12,0.0,0.0,0.0,0.0,0.0,0.0,0.0,0.0,0.0,0.0,0.0,
2020-11-07 09:19:38,-0.4588,0.15384615384615385,0.15384615384615385,0.0,0.0,0.0,0.07692307692307693,0.3076923076923077,0.15384615384615385,0.15384615384615385,0.0,"knowing,limp,bigoted,corrupt,immoral"
2020-11-06 20:16:11,0.4019,0.0,0.0,0.0,0.0,0.0,0.0,0.0,0.0,0.0,0.0,
2020-11-06 20:14:37,-0.3612,0.0,0.0,0.0,0.0,0.0,0.0,0.0,0.0,0.0,0.0,
2020-11-06 20:12:58,-0.8658,0.2,0.2,0.0,0.0,0.0,0.0,0.2,0.2,0.2,0.0,resign
2020-11-06 20:08:46,0.0,0.0,0.0,0.0,0.25,0.0,0.25,0.25,0.0,0.25,0.0,"president,boy"
2020-11-05 15:51:46,-0.7184,0.2,0.1,0.0,0.0,0.1,0.1,0.2,0.1,0.1,0.0,"villain,eminent,death"
2020-11-05 15:39:10,-0.4184,0.0,0.0,0.0,0.5,0.0,0.5,0.0,0.0,0.0,0.0,count
2020-11-05 11:06:35,0.3134,0.0,0.0,0.0,0.3076923076923077,0.15384615384615385,0.23076923076923078,0.0,0.07692307692307693,0.07692307692307693,0.07692307692307693,"team,trump,count,winning"
2020-11-04 11:47:34,0.5256,0.18181818181818182,0.09090909090909091,0.0,0.09090909090909091,0.09090909090909091,0.09090909090909091,0.09090909090909091,0.09090909090909091,0.09090909090909091,0.09090909090909091,"embarrassment,powerful"
2020-11-04 11:11:07,-0.8121,0.0,0.0,0.0,0.0,0.0,0.0,1.0,0.0,0.0,0.0,irresponsible
2020-11-04 11:10:55,0.0,0.0,0.0,0.0,0.0,0.0,0.0,0.0,0.0,0.0,0.0,
2020-11-04 07:27:17,0.1901,0.0,0.0,0.0,0.0,0.0,0.0,0.0,0.0,0.0,0.0,
2020-11-04 07:01:33,0.0,0.0,0.0,0.0,0.0,0.0,0.0,0.0,0.0,0.0,0.0,
2020-11-04 06:55:01,0.0,0.0,0.0,0.0,0.0,0.0,0.0,0.0,0.0,0.0,0.0,
2020-10-23 03:58:37,-0.7578,0.09090909090909091,0.18181818181818182,0.0,0.09090909090909091,0.0,0.09090909090909091,0.18181818181818182,0.09090909090909091,0.09090909090909091,0.09090909090909091,"perfect,guilty,criminal"
2020-10-08 03:16:28,-0.34,0.0,0.25,0.0,0.0,0.25,0.25,0.25,0.0,0.0,0.0,"debate,interrupt"
2020-10-08 03:09:43,0.0,0.16666666666666666,0.0,0.0,0.3333333333333333,0.0,0.0,0.16666666666666666,0.16666666666666666,0.0,0.0,"time,wear,hospital"
2020-10-08 03:05:40,0.0,0.0,0.0,0.0,0.0,0.0,0.0,0.0,0.0,0.0,0.0,
2020-10-03 22:32:31,-0.4019,0.0,0.0,0.0,0.25,0.0,0.25,0.5,0.0,0.0,0.0,"president,conflicting,contracted"
2020-10-03 22:30:57,0.5574,0.0,0.0,0.0,0.0,0.0,0.0,0.0,0.0,0.0,0.0,
2020-10-03 08:12:57,-0.3182,0.0,0.0,0.0,0.0,0.0,0.0,1.0,0.0,0.0,0.0,"contracted,skeptical"
2020-10-03 08:05:46,-0.3182,0.0,0.0,0.0,0.0,0.0,0.0,1.0,0.0,0.0,0.0,forget
2020-10-02 07:01:38,0.1326,0.0,0.0,0.0,0.0,0.0,0.0,0.0,0.0,0.0,0.0,
2020-10-02 06:54:13,0.3182,0.0,0.0,0.0,0.0,0.0,1.0,0.0,0.0,0.0,0.0,attention
2020-10-02 06:46:07,-0.3612,0.125,0.125,0.0,0.0,0.0,0.25,0.25,0.125,0.125,0.0,"kindness,ignorance,hatred,notion"
2020-10-02 06:43:56,-0.3182,0.0,0.0,0.0,0.0,0.0,0.0,0.0,0.0,0.0,0.0,
2020-10-02 06:37:34,0.0,0.0,0.0,0.0,0.0,0.0,0.0,0.0,0.0,0.0,0.0,
2020-10-02 06:37:10,0.0,0.0,0.0,0.0,0.0,0.0,0.0,0.0,0.0,0.0,0.0,
2020-10-02 06:33:40,0.8957,0.0,0.0,0.0,0.0,0.0,0.5,0.0,0.0,0.0,0.5,beautiful
2020-10-02 06:32:26,0.0,0.0,0.0,0.0,0.16666666666666666,0.16666666666666666,0.16666666666666666,0.0,0.0,0.16666666666666666,0.16666666666666666,finally
2020-10-02 06:27:05,-0.4588,0.0,0.2,0.0,0.0,0.2,0.0,0.2,0.2,0.2,0.0,hoax
2020-10-02 06:26:37,0.9487,0.25,0.0,0.0,0.0,0.25,0.25,0.0,0.0,0.0,0.25,surprise
2020-10-02 06:21:39,0.4404,0.0,0.0,0.0,0.2,0.2,0.2,0.0,0.0,0.0,0.2,hope
2020-09-30 01:34:17,-0.7845,0.0,0.3333333333333333,0.0,0.0,0.0,0.0,0.3333333333333333,0.0,0.3333333333333333,0.0,shit
2020-09-30 01:33:19,0.0,0.0,0.0,0.0,0.0,0.0,0.0,0.0,0.0,0.0,0.0,
2020-09-10 21:32:03,0.3468,0.16666666666666666,0.08333333333333333,0.0,0.08333333333333333,0.08333333333333333,0.16666666666666666,0.16666666666666666,0.08333333333333333,0.08333333333333333,0.08333333333333333,"truth,create,panic,disaster"
2020-09-10 21:29:56,-0.2411,0.25,0.25,0.0,0.0,0.0,0.0,0.5,0.0,0.0,0.0,"campaigning,crack"
2020-09-10 21:28:37,0.0,0.0,0.0,0.0,0.0,0.0,0.0,0.0,0.0,0.0,0.0,
2020-07-22 04:45:31,0.0,0.0,0.0,0.0,0.0,0.0,0.0,0.0,0.0,0.0,0.0,
2020-07-22 04:20:49,0.0,0.0,0.0,0.0,0.0,0.0,0.0,0.0,0.0,0.0,0.0,
2020-07-19 16:59:55,0.4263,0.0,0.0,0.0,0.5,0.0,0.5,0.0,0.0,0.0,0.0,president
2020-07-05 02:45:51,0.0,0.0,0.0,0.0,0.0,0.0,0.0,0.0,0.0,0.0,0.0,
2020-07-05 02:45:08,0.0,0.0,0.0,0.0,0.0,0.0,0.0,0.0,0.0,0.0,0.0,
2020-07-05 02:44:55,0.4574,0.0,0.0,0.0,0.0,0.0,1.0,0.0,0.0,0.0,0.0,full
2020-07-05 02:44:05,0.7964,0.0,0.0,0.0,0.16666666666666666,0.0,0.5,0.0,0.0,0.0,0.16666666666666666,"promise,vision,building"
2020-06-20 05:10:13,0.5994,0.0,0.0,0.0,0.0,0.0,0.0,0.0,0.0,0.0,0.0,
2020-06-20 04:59:24,-0.6476,0.0,0.0,0.0,0.0,0.0,0.0,1.0,0.0,0.0,0.0,useless
2020-06-19 07:25:18,-0.6249,0.25,0.25,0.0,0.0,0.25,0.0,0.25,0.0,0.0,0.0,blast
2020-05-31 22:18:56,-0.8247,0.25,0.16666666666666666,0.0,0.16666666666666666,0.0,0.16666666666666666,0.16666666666666666,0.08333333333333333,0.0,0.0,"police,brutality,killing,innocent"
2020-05-31 22:08:54,-0.4767,0.0,0.0,0.0,0.0,0.0,0.0,0.0,0.0,0.0,0.0,
2020-05-31 22:03:43,-0.7269,0.25,0.125,0.0,0.125,0.125,0.125,0.125,0.0,0.125,0.0,"violent,police"
2020-05-11 16:53:12,0.0,0.0,0.0,0.0,0.0,0.0,0.0,0.0,0.0,0.0,0.0,
2020-05-11 16:50:45,0.0,0.0,0.0,0.0,0.3333333333333333,0.0,0.3333333333333333,0.0,0.0,0.0,0.3333333333333333,"baby,eagle"
2020-05-11 16:50:22,0.0,0.0,0.0,0.0,0.0,0.0,0.0,0.0,0.0,0.0,0.0,
2020-05-11 16:40:12,0.0,0.0,0.0,0.0,0.0,0.0,1.0,0.0,0.0,0.0,0.0,received
2020-05-11 16:23:22,0.5719,0.0,0.0,0.0,0.0,0.0,0.0,0.0,0.0,0.0,0.0,
2020-05-11 16:21:08,0.0,0.0,0.0,0.0,0.0,0.0,0.0,0.0,0.0,0.0,0.0,
2020-05-11 16:17:35,0.3612,0.0,0.0,0.0,0.0,0.0,0.0,0.0,0.0,0.0,0.0,
2020-05-11 16:11:43,0.4019,0.0,0.0,0.0,0.0,0.25,0.25,0.0,0.0,0.0,0.25,birthday
2020-05-11 16:09:41,0.0,0.0,0.0,0.0,0.0,0.0,0.0,0.0,0.0,0.0,0.0,
2020-04-21 05:48:55,-0.296,0.0,0.0,0.0,0.0,0.0,0.0,0.0,0.0,0.0,0.0,coming
2020-04-20 07:25:43,0.0,0.0,0.0,0.0,0.0,0.0,0.0,0.0,0.0,0.0,0.0,
2020-04-20 07:23:16,0.0,0.3333333333333333,0.3333333333333333,0.0,0.0,0.0,0.0,0.3333333333333333,0.0,0.0,0.0,shooting
2020-04-20 07:23:00,-0.4784,0.2,0.0,0.0,0.0,0.2,0.0,0.4,0.2,0.0,0.0,"catch,virus,die"
2020-04-20 07:21:01,0.0,0.0,0.0,0.0,0.0,0.0,0.0,0.0,0.0,0.0,0.0,
2020-04-20 07:16:16,0.0,0.0,0.0,0.0,0.0,0.0,0.0,0.0,0.0,0.0,0.0,
2020-04-20 07:12:07,0.1437,0.125,0.0,0.0,0.125,0.125,0.125,0.125,0.125,0.0,0.125,"fortune,pandemic"
2020-04-20 07:10:48,-0.7003,0.0,0.0,0.0,0.0,0.0,0.0,0.0,0.0,0.0,0.0,
2020-04-20 07:10:35,-0.296,0.0,0.0,0.0,0.0,0.0,1.0,0.0,0.0,0.0,0.0,masculine
2020-04-13 20:28:59,-0.8316,0.25,0.25,0.0,0.25,0.0,0.0,0.25,0.0,0.0,0.0,"shooting,school"
2020-04-13 20:28:03,0.4215,0.25,0.25,0.0,0.25,0.0,0.0,0.25,0.0,0.0,0.0,"school,shooting"
2020-04-13 20:25:43,0.25,0.0,0.09090909090909091,0.0,0.18181818181818182,0.09090909090909091,0.18181818181818182,0.09090909090909091,0.09090909090909091,0.0,0.09090909090909091,"convince,vote"
2020-04-10 20:30:28,-0.6369,0.23076923076923078,0.23076923076923078,0.0,0.0,0.0,0.07692307692307693,0.23076923076923078,0.15384615384615385,0.07692307692307693,0.0,"insane,actual,disease,killing"
2020-04-10 20:28:10,-0.4389,0.0,0.0,0.0,0.5,0.0,0.5,0.0,0.0,0.0,0.0,real
2020-04-07 23:21:46,0.3612,0.0,0.0,0.0,0.0,0.0,0.0,0.0,0.0,0.0,0.0,
2020-04-07 23:14:25,-0.7579,0.2727272727272727,0.18181818181818182,0.0,0.0,0.0,0.09090909090909091,0.2727272727272727,0.0,0.18181818181818182,0.0,"horrible,barbaric,choice,forced"
2020-04-07 23:13:11,0.0,0.0,0.0,0.0,0.0,0.0,0.0,0.0,0.0,0.0,0.0,
2020-04-07 23:11:52,0.3612,0.0,0.0,0.0,0.0,0.0,1.0,0.0,0.0,0.0,0.0,cleaning
2020-04-07 23:10:57,0.0,0.0,0.0,0.0,0.0,0.0,0.0,0.0,0.0,0.0,0.0,
2020-04-07 23:07:44,0.0,0.0,0.0,0.0,0.0,0.0,0.0,0.0,0.0,0.0,0.0,
2020-04-07 22:57:26,0.0,0.0,0.0,0.0,0.0,0.0,0.0,0.0,0.0,0.0,0.0,
2020-04-07 22:52:32,0.0,0.0,0.0,0.0,0.0,0.0,0.0,0.0,0.0,0.0,0.0,
2020-04-07 22:50:12,0.0258,0.0,0.0,0.0,0.0,0.0,0.0,0.0,0.0,0.0,0.0,
2020-04-05 15:57:24,0.0,0.0,0.0,0.0,0.0,0.0,0.0,0.0,0.0,0.0,0.0,
2020-04-05 15:57:14,-0.25,0.125,0.25,0.0,0.0,0.0,0.0,0.25,0.25,0.125,0.0,"retribution,disgrace"
2020-04-05 12:39:13,-0.6705,0.0,0.0,0.0,0.2,0.0,0.2,0.2,0.0,0.0,0.2,"pretty,crisis"
2020-03-30 13:35:52,-0.34,0.0,0.0,0.0,0.0,0.0,0.0,1.0,0.0,0.0,0.0,bother
2020-03-30 13:34:41,0.4927,0.0,0.0,0.0,0.5,0.0,0.0,0.0,0.0,0.0,0.0,"offering,time"
2020-03-30 13:26:20,-0.9231,0.0,0.0,0.0,0.0,0.0,0.0,1.0,0.0,0.0,0.0,crisis
2020-03-30 13:25:39,-0.4767,0.0,0.0,0.0,0.0,0.0,0.0,0.0,0.0,0.0,0.0,
2020-03-28 09:08:24,0.0,0.0,0.0,0.0,0.0,0.0,0.0,0.0,0.0,0.0,0.0,
2020-03-28 08:53:50,-0.3182,0.0,0.0,0.0,0.14285714285714285,0.0,0.2857142857142857,0.14285714285714285,0.14285714285714285,0.0,0.0,"public,fall,real,unresolved"
2020-03-28 08:25:34,0.0,0.0,0.0,0.0,0.0,0.0,0.0,0.0,0.0,0.0,0.0,
2020-03-27 13:46:00,0.1045,0.3333333333333333,0.0,0.0,0.0,0.0,0.0,0.3333333333333333,0.3333333333333333,0.0,0.0,pandemic
2020-03-27 13:41:48,0.0,0.0,0.0,0.0,0.0,0.0,0.0,0.0,0.0,0.0,0.0,
2020-03-25 21:19:19,0.5994,0.0,0.1,0.0,0.1,0.1,0.2,0.1,0.1,0.0,0.2,"money,charity,impossible"
2020-03-25 20:57:45,0.4203,0.0,0.0,0.0,0.2,0.2,0.2,0.0,0.0,0.0,0.2,good
2020-03-25 20:55:51,-0.802,0.0,0.0,0.0,0.25,0.0,0.5,0.0,0.0,0.0,0.25,"talent,kind"
2020-03-25 19:57:19,0.0,0.0,0.0,0.0,0.0,0.0,0.0,0.0,0.0,0.0,0.0,
2020-03-25 19:53:45,0.0,0.0,0.0,0.0,0.0,0.0,0.0,0.0,0.0,0.0,0.0,
2020-03-25 19:49:19,0.0,0.0,0.0,0.0,0.2857142857142857,0.0,0.2857142857142857,0.0,0.0,0.0,0.14285714285714285,"result,faith,don"
2020-03-25 19:44:22,-0.4199,0.0,0.5,0.0,0.0,0.0,0.0,0.5,0.0,0.0,0.0,fighting
2020-03-25 19:35:29,0.0,0.0,0.0,0.0,0.25,0.0,0.0,0.25,0.0,0.25,0.0,"theory,toilet"
2020-03-25 19:34:25,-0.7964,0.16666666666666666,0.0,0.0,0.0,0.0,0.0,0.5,0.16666666666666666,0.16666666666666666,0.0,"government,worsening,crisis"
2020-03-25 19:31:15,0.3598,0.0,0.0,0.0,0.0,0.0,0.0,0.0,0.0,0.0,0.0,
2020-03-25 19:29:05,-0.3612,0.25,0.0,0.0,0.0,0.0,0.25,0.25,0.0,0.0,0.0,"risk,population"
2020-03-22 01:58:27,0.0,0.0,0.0,0.0,0.0,0.0,0.0,0.0,0.0,0.0,0.0,
2020-03-22 01:56:15,0.0,0.0,0.0,0.0,0.0,0.0,0.0,1.0,0.0,0.0,0.0,rabies
2020-03-20 04:38:44,0.0,0.0,0.0,0.0,0.0,0.0,1.0,0.0,0.0,0.0,0.0,bath
2020-03-20 04:38:33,0.0,1.0,0.0,0.0,0.0,0.0,0.0,0.0,0.0,0.0,0.0,military
2020-03-20 01:32:29,0.0,0.0,0.0,0.0,0.0,0.0,0.0,0.0,0.0,0.0,0.0,
2020-03-20 01:29:03,0.0,0.0,0.0,0.0,0.0,0.0,0.0,1.0,0.0,0.0,0.0,virus
2020-03-20 01:19:14,0.0,1.0,0.0,0.0,0.0,0.0,0.0,0.0,0.0,0.0,0.0,quarantine
2020-03-20 01:10:55,0.0,0.0,0.0,0.0,0.0,0.0,0.0,0.0,0.0,0.0,0.0,
2020-03-20 00:56:32,0.2928,0.0,0.25,0.0,0.0,0.0,0.25,0.25,0.0,0.25,0.0,"forgive,despicable"
2020-03-20 00:54:38,0.4404,0.0,0.0,0.0,0.0,0.0,0.0,0.0,0.0,0.0,0.0,
2020-03-20 00:48:35,-0.1571,0.14285714285714285,0.0,0.0,0.14285714285714285,0.0,0.2857142857142857,0.2857142857142857,0.14285714285714285,0.0,0.0,"facts,including,virus,broke"
2020-03-19 17:26:49,-0.4468,0.3333333333333333,0.0,0.0,0.0,0.0,0.6666666666666666,0.0,0.0,0.0,0.0,"famous,mortgage,rest"
2020-03-19 17:21:59,0.128,0.0,0.0,0.0,0.0,0.0,0.0,0.0,0.0,0.0,0.0,
2020-03-19 17:11:13,0.4939,0.0,0.0,0.0,0.3333333333333333,0.0,0.3333333333333333,0.0,0.0,0.0,0.3333333333333333,save
2020-03-19 17:06:12,-0.8271,0.0,0.2,0.0,0.0,0.0,0.2,0.4,0.0,0.2,0.0,"focus,virus,blame"
2020-03-19 16:20:17,0.0,0.0,0.0,0.0,0.0,0.0,0.0,1.0,0.0,0.0,0.0,virus
2020-03-19 16:18:30,0.0,0.0,0.0,0.0,0.0,0.0,0.0,0.0,0.0,0.0,0.0,
2020-03-19 02:24:04,0.6956,0.1,0.0,0.0,0.1,0.0,0.2,0.2,0.2,0.0,0.1,"public,pandemic,true,late"
2020-03-19 02:06:11,0.0,0.3333333333333333,0.3333333333333333,0.0,0.0,0.0,0.0,0.3333333333333333,0.0,0.0,0.0,"military,resistance"
2020-03-18 04:13:48,0.0,0.14285714285714285,0.0,0.0,0.14285714285714285,0.0,0.14285714285714285,0.14285714285714285,0.14285714285714285,0.0,0.14285714285714285,"grow,pandemic"
2020-03-18 04:13:04,0.4357,0.0,0.0,0.0,0.0,0.0,0.0,0.0,0.0,0.0,0.0,
2020-03-18 04:12:20,-0.4404,0.0,0.0,0.0,0.16666666666666666,0.0,0.16666666666666666,0.16666666666666666,0.16666666666666666,0.0,0.16666666666666666,"elite,denied"
2020-03-18 04:08:53,0.2732,0.2,0.0,0.0,0.2,0.0,0.2,0.0,0.0,0.0,0.2,god
2020-03-18 04:04:21,-0.2551,0.0,0.09090909090909091,0.0,0.09090909090909091,0.09090909090909091,0.2727272727272727,0.09090909090909091,0.09090909090909091,0.0,0.09090909090909091,"tax,money,public,assistance"
2020-03-17 03:32:45,0.0,0.0,0.0,0.0,0.0,0.0,0.0,0.0,0.0,0.0,0.0,
2020-03-17 03:27:48,-0.8442,0.0,0.2,0.0,0.0,0.0,0.0,0.4,0.2,0.2,0.0,"blame,fault"
2020-03-17 03:08:05,-0.34,0.0,0.0,0.0,0.5,0.0,0.5,0.0,0.0,0.0,0.0,important
2020-03-17 01:15:31,0.0,0.0,0.0,0.0,0.0,0.0,0.0,0.0,0.0,0.0,0.0,
2020-03-17 00:59:56,0.0,0.0,0.0,0.0,0.0,0.0,0.0,0.0,0.0,0.0,0.0,
2020-03-17 00:57:00,0.0,0.0,0.0,0.0,0.0,0.0,0.0,0.0,0.0,0.0,0.0,edition
2020-03-17 00:51:41,0.0,0.0,0.0,0.0,0.0,0.0,0.0,0.0,0.0,0.0,0.0,
2020-03-17 00:43:33,0.0,0.0,0.0,0.0,0.0,0.0,0.0,0.0,0.0,0.0,0.0,
2020-03-17 00:37:48,-0.3991,0.0,0.07142857142857142,0.0,0.07142857142857142,0.14285714285714285,0.07142857142857142,0.21428571428571427,0.07142857142857142,0.21428571428571427,0.07142857142857142,"boy,finally,hoax,suffer"
2020-03-17 00:36:03,-0.3612,0.14285714285714285,0.14285714285714285,0.0,0.14285714285714285,0.14285714285714285,0.14285714285714285,0.14285714285714285,0.0,0.14285714285714285,0.0,"uncertain,real"
2020-03-17 00:32:18,-0.1531,0.0,0.25,0.0,0.0,0.0,0.0,0.5,0.25,0.0,0.0,"criticism,virus"
2020-03-16 17:00:34,0.2023,0.0,0.0,0.0,0.0,0.0,0.0,0.0,0.0,0.0,0.0,
2020-03-16 06:26:51,-0.3182,0.0,0.0,0.0,1.0,0.0,0.0,0.0,0.0,0.0,0.0,fact
2020-03-16 06:00:35,0.0,0.0,0.0,0.0,0.0,0.0,0.0,0.0,0.0,0.0,0.0,
2020-03-16 05:52:50,0.4939,0.0,0.0,0.0,0.2,0.1,0.3,0.0,0.0,0.0,0.2,"usual,friendly,clown"
2020-03-16 03:13:31,-0.765,0.1,0.0,0.0,0.1,0.0,0.1,0.3,0.1,0.1,0.1,"sick,tired,hearing,pay"
2020-03-16 03:13:05,0.0,0.0,0.0,0.0,0.0,0.0,0.0,0.0,0.0,0.0,0.0,
2020-03-16 03:10:36,0.0,0.0,0.0,0.0,0.0,0.0,0.0,0.0,0.0,0.0,0.0,
2020-03-16 02:57:05,-0.2732,0.0,0.0,0.0,0.0,0.0,0.0,0.5,0.5,0.0,0.0,cancel
2020-03-16 02:40:30,0.4939,0.0,0.0,0.0,1.0,0.0,0.0,0.0,0.0,0.0,0.0,fact
2020-03-16 02:33:07,0.4767,0.0,0.0,0.0,0.14285714285714285,0.0,0.2857142857142857,0.0,0.0,0.0,0.2857142857142857,"proud,child"
2020-03-16 02:22:43,0.516,0.0,0.0,0.0,0.0,0.0,0.0,0.5,0.5,0.0,0.0,black
2020-03-16 00:38:54,-0.4767,0.0,0.0,0.0,0.42857142857142855,0.0,0.2857142857142857,0.2857142857142857,0.0,0.0,0.0,"chart,wrong,personal,accurate,gap,talk"
2020-03-16 00:13:10,-0.2732,0.0,0.2,0.0,0.0,0.2,0.0,0.2,0.2,0.2,0.0,hoax
2020-03-16 00:04:10,-0.2263,0.3333333333333333,0.0,0.0,0.0,0.0,0.0,0.3333333333333333,0.0,0.3333333333333333,0.0,neurotic
2020-03-16 00:02:37,-0.3699,0.125,0.125,0.0,0.0,0.0,0.0,0.375,0.125,0.25,0.0,"screaming,fault,toilet"
2020-03-15 13:53:14,0.0,0.0,0.0,0.0,0.0,0.0,0.0,0.0,0.0,0.0,0.0,
2020-03-15 07:10:48,0.0,0.0,0.0,0.0,0.0,0.0,0.0,0.0,0.0,0.0,0.0,
2020-03-15 00:25:18,0.0,0.0,0.0,0.0,0.0,0.0,0.0,0.0,0.0,0.0,0.0,
2020-03-15 00:20:22,-0.3765,0.2,0.2,0.0,0.0,0.0,0.0,0.2,0.2,0.2,0.0,ill
2020-03-15 00:19:24,-0.6476,0.0,0.0,0.0,0.14285714285714285,0.14285714285714285,0.14285714285714285,0.14285714285714285,0.0,0.14285714285714285,0.14285714285714285,"deal,toilet"
2020-03-14 23:30:44,0.0,0.0,0.0,0.0,0.0,0.0,0.0,0.0,0.0,0.0,0.0,
2020-03-14 23:23:18,0.0,0.0,0.0,0.0,0.0,0.0,0.0,0.0,0.0,0.0,0.0,
2020-03-14 23:20:05,0.1901,0.0,0.0,0.0,0.0,0.0,1.0,0.0,0.0,0.0,0.0,agree
2020-03-14 23:14:02,-0.1027,0.0,0.0,0.0,0.0,0.0,1.0,0.0,0.0,0.0,0.0,learn
2020-03-14 23:04:25,0.0,0.0,0.0,0.0,0.5,0.0,0.5,0.0,0.0,0.0,0.0,don
2020-03-14 22:49:37,0.4404,0.0,0.0,0.0,0.0,0.0,0.0,0.0,0.0,0.0,0.0,
2020-03-14 22:42:32,0.0772,0.0,0.0,0.0,0.0,0.0,0.0,0.0,0.0,0.0,0.0,
2020-03-14 22:29:43,0.0516,0.5,0.0,0.0,0.0,0.0,0.0,0.5,0.0,0.0,0.0,mistaken
2020-03-14 18:54:57,0.0,0.0,0.0,0.0,0.0,0.0,0.0,0.0,0.0,0.0,0.0,
2020-03-14 18:37:07,-0.91,0.13333333333333333,0.2,0.0,0.06666666666666667,0.06666666666666667,0.06666666666666667,0.2,0.06666666666666667,0.13333333333333333,0.0,"violent,deserve,hate,hypocrisy"
2020-03-14 18:36:51,-0.8524,0.2,0.2,0.0,0.0,0.0,0.0,0.3,0.1,0.2,0.0,"hate,petty,shit,avoiding"
2020-03-14 17:56:31,0.1531,0.1111111111111111,0.1111111111111111,0.0,0.0,0.1111111111111111,0.1111111111111111,0.2222222222222222,0.1111111111111111,0.1111111111111111,0.1111111111111111,"hilarious,hate,virus"
2020-03-14 17:47:42,0.3612,0.0,0.0,0.0,0.0,0.0,0.0,0.0,0.0,0.0,0.0,
2020-03-14 17:39:49,0.296,0.21428571428571427,0.14285714285714285,0.0,0.0,0.0,0.07142857142857142,0.2857142857142857,0.21428571428571427,0.07142857142857142,0.0,"pandemic,broke,joking,disease,hit"
2020-03-14 15:37:16,-0.8537,0.0,0.16666666666666666,0.0,0.0,0.3333333333333333,0.0,0.3333333333333333,0.0,0.16666666666666666,0.0,"hating,chance,ugly,amaze"
2020-03-14 15:36:14,-0.6187,0.0,0.0,0.0,0.0,0.0,0.0,1.0,0.0,0.0,0.0,virus
2020-03-14 15:35:25,-0.5423,0.0,0.07692307692307693,0.0,0.23076923076923078,0.0,0.15384615384615385,0.23076923076923078,0.07692307692307693,0.0,0.15384615384615385,"show,true,limited,petty,perfect,excuse"
2020-03-14 12:38:51,-0.2263,0.0,0.0,0.0,0.0,0.0,0.0,0.0,0.0,0.0,0.0,
2020-03-14 12:37:29,0.0,0.0,0.0,0.0,0.0,0.0,0.0,0.0,0.0,0.0,0.0,
2020-03-14 12:34:15,0.0,0.0,0.0,0.0,0.0,0.0,0.0,0.0,0.0,0.0,0.0,
2020-03-14 12:10:20,0.6486,0.0,0.0,0.0,0.0,0.0,0.0,0.0,0.0,0.0,0.0,
2020-03-14 12:09:41,0.0,0.0,0.0,0.0,0.3333333333333333,0.0,0.3333333333333333,0.0,0.0,0.0,0.3333333333333333,content
2020-03-14 12:07:52,0.0,0.0,0.0,0.0,0.5,0.0,0.5,0.0,0.0,0.0,0.0,real
2020-03-14 03:33:09,0.0,0.0,0.0,0.0,0.0,0.0,0.0,0.0,0.0,0.0,0.0,
2020-03-14 03:01:09,-0.7717,0.125,0.0,0.0,0.25,0.0,0.125,0.25,0.125,0.0,0.125,"irrelevant,found,worse,fact"
2020-03-14 02:43:33,-0.5574,0.0,0.25,0.0,0.0,0.0,0.0,0.5,0.25,0.0,0.0,"pointless,argument"
2020-03-14 02:19:29,0.0772,0.16666666666666666,0.0,0.0,0.0,0.16666666666666666,0.16666666666666666,0.16666666666666666,0.0,0.0,0.16666666666666666,highest
2020-03-14 02:15:37,0.7184,0.0,0.0,0.0,0.0,0.0,0.0,0.0,0.0,0.0,0.0,
2020-03-14 01:53:01,-0.4588,0.25,0.0,0.0,0.0,0.0,0.0,0.25,0.25,0.125,0.0,"problem,wasting,time"
2020-03-14 01:42:45,0.0,0.0,0.0,0.0,0.0,0.0,0.0,0.0,0.0,0.0,0.0,
2020-03-14 01:40:58,-0.7944,0.0,0.0,0.0,0.0,0.0,0.0,0.0,0.0,0.0,0.0,
2020-03-14 01:30:45,0.0,0.0,0.0,0.0,0.0,0.0,0.0,0.0,0.0,0.0,0.0,
2020-03-14 01:29:22,0.4215,0.0,0.0,0.0,0.0,0.0,0.0,0.0,0.0,0.0,0.0,
2020-03-14 01:26:28,0.3919,0.0,0.25,0.0,0.0,0.0,0.0,0.25,0.25,0.25,0.0,disappoint
2020-03-14 01:24:49,0.8711,0.0,0.1111111111111111,0.0,0.1111111111111111,0.1111111111111111,0.2222222222222222,0.1111111111111111,0.1111111111111111,0.0,0.1111111111111111,"calm,insignificant,good"
2020-03-14 01:01:16,0.3818,0.0,0.0,0.0,0.0,0.25,0.25,0.25,0.0,0.0,0.0,quote
2020-03-14 00:59:39,0.0,0.0,0.0,0.0,0.0,1.0,0.0,0.0,0.0,0.0,0.0,catch
2020-03-14 00:57:09,0.7964,0.0,0.0,0.0,0.23076923076923078,0.15384615384615385,0.23076923076923078,0.0,0.0,0.0,0.23076923076923078,"excited,good,true"
2020-03-13 23:56:28,0.4939,0.0,0.0,0.0,0.0,0.0,0.0,0.0,0.0,0.0,0.0,
2020-03-13 23:53:54,0.0,0.0,0.0,0.0,0.0,0.0,0.0,0.0,0.0,0.0,0.0,
2020-03-13 23:50:13,0.6533,0.14285714285714285,0.14285714285714285,0.0,0.14285714285714285,0.14285714285714285,0.2857142857142857,0.14285714285714285,0.0,0.0,0.0,"agreeing,mob,defending,trump"
2020-03-13 14:50:59,-0.3182,0.0,0.0,0.0,0.0,0.0,0.0,0.6666666666666666,0.0,0.3333333333333333,0.0,"mockery,joke"
2020-03-13 14:38:44,0.765,0.0,0.2,0.0,0.4,0.0,0.2,0.2,0.0,0.0,0.0,"complaint,school,accountable"
2020-03-13 14:14:02,-0.4003,0.0,0.3333333333333333,0.0,0.0,0.0,0.0,0.3333333333333333,0.0,0.3333333333333333,0.0,blame
2020-03-13 14:12:52,-0.7959,0.08333333333333333,0.08333333333333333,0.0,0.16666666666666666,0.0,0.25,0.3333333333333333,0.0,0.08333333333333333,0.0,"president,fake,flu,irrelevant,shit,accountable,job"
2020-03-13 13:45:01,0.0,0.0,0.0,0.0,0.0,0.0,0.0,0.0,0.0,0.0,0.0,
2020-03-13 13:34:32,0.0,0.0,0.0,0.0,0.0,0.0,0.0,0.0,0.0,0.0,0.0,
2020-03-13 13:26:25,0.0,0.0,0.0,0.0,0.0,0.0,0.0,0.0,0.0,0.0,0.0,
2020-03-13 01:07:29,0.0,0.0,0.0,0.0,0.0,0.0,0.0,0.0,0.0,0.0,0.0,
2020-03-13 01:01:35,0.4215,0.2,0.2,0.0,0.0,0.2,0.0,0.2,0.2,0.0,0.0,explode
2020-03-13 00:50:20,0.5994,0.0,0.0,0.0,0.0,0.0,0.0,0.0,0.0,0.0,0.0,
2020-03-12 05:25:58,-0.5859,0.16666666666666666,0.16666666666666666,0.0,0.0,0.0,0.16666666666666666,0.16666666666666666,0.16666666666666666,0.16666666666666666,0.0,"bitch,extra"
2020-03-12 05:15:24,0.4215,0.125,0.0,0.0,0.25,0.0,0.125,0.125,0.125,0.0,0.125,"school,wan,share"
2020-03-12 04:48:40,-0.6249,0.0,0.0,0.0,0.0,0.0,0.0,0.0,0.0,0.0,0.0,
2020-03-12 04:34:23,-0.5267,0.0,0.0,0.0,0.0,0.0,0.0,0.0,0.0,0.0,0.0,
2020-03-12 04:06:02,0.3257,0.0,0.0,0.0,0.0,1.0,0.0,0.0,0.0,0.0,0.0,surprised
2020-03-12 03:50:48,0.0,0.0,0.0,0.0,0.0,0.0,0.0,0.0,0.0,0.0,0.0,
2020-03-12 01:47:09,0.5267,0.0,0.0,0.0,0.0,0.0,0.0,0.0,0.0,0.0,0.0,
2020-03-12 01:44:05,-0.1779,0.0,0.0,0.0,0.0,0.0,0.0,0.0,0.0,0.0,0.0,
2020-03-12 01:37:23,-0.3595,0.0,0.0,0.0,0.3333333333333333,0.0,0.0,0.3333333333333333,0.3333333333333333,0.0,0.0,"tax,personal"
2020-03-11 22:47:37,0.0,0.0,0.0,0.0,0.0,0.0,0.0,0.0,0.0,0.0,0.0,
2020-03-11 22:42:38,-0.1779,0.0,0.0,0.0,0.0,0.0,0.5,0.0,0.5,0.0,0.0,"older,younger"
2020-03-11 17:54:15,-0.0387,0.0,0.0,0.0,0.0,0.0,0.0,0.0,0.0,0.0,0.0,
2020-03-11 17:37:02,0.7506,0.0,0.0,0.0,0.0,0.0,0.0,0.0,0.0,0.0,0.0,
2020-03-11 17:34:47,0.0,0.0,0.0,0.0,0.0,0.0,0.0,0.0,0.0,0.0,0.0,
2020-03-11 17:24:38,0.4215,0.0,0.0,0.0,0.0,0.5,0.25,0.0,0.0,0.0,0.0,"surprised,thought,unbiased,chance"
2020-03-11 16:45:10,0.4404,0.0,0.0,0.0,0.16666666666666666,0.16666666666666666,0.16666666666666666,0.16666666666666666,0.0,0.0,0.16666666666666666,"denial,good"
2020-03-11 16:36:03,-0.6705,0.14285714285714285,0.14285714285714285,0.0,0.0,0.14285714285714285,0.0,0.14285714285714285,0.14285714285714285,0.14285714285714285,0.0,"audience,horror"
2020-03-11 16:33:33,-0.7717,0.14285714285714285,0.14285714285714285,0.0,0.14285714285714285,0.0,0.14285714285714285,0.14285714285714285,0.14285714285714285,0.07142857142857142,0.0,"illegal,assassination,top,general"
2020-03-11 14:58:47,0.7476,0.0,0.0,0.0,0.14285714285714285,0.2857142857142857,0.2857142857142857,0.0,0.0,0.0,0.14285714285714285,"trump,candidate,enjoy"
2020-03-11 14:58:03,-0.0644,0.0,0.0,0.0,0.2,0.0,0.6,0.2,0.0,0.0,0.0,"denial,ahead,truth,option"
2020-03-11 14:46:19,0.3182,0.0,0.0,0.0,0.0,0.0,0.0,0.0,0.0,0.0,0.0,
2020-03-11 07:15:52,-0.4939,0.0,0.3333333333333333,0.0,0.0,0.0,0.0,0.3333333333333333,0.16666666666666666,0.16666666666666666,0.0,"angry,upset"
2020-03-11 07:12:12,0.7269,0.0,0.0,0.0,0.16666666666666666,0.16666666666666666,0.3333333333333333,0.0,0.0,0.0,0.16666666666666666,"hope,survive"
2020-03-11 07:09:41,0.9503,0.0,0.0,0.0,0.0,0.0,0.0,0.0,0.0,0.0,0.0,
2020-03-11 07:08:46,0.5719,0.0,0.125,0.0,0.125,0.125,0.125,0.125,0.0,0.0,0.125,"staggering,money,plan"
2020-03-11 07:04:23,-0.4767,0.125,0.125,0.0,0.0,0.125,0.0,0.375,0.125,0.125,0.0,"disappointed,trump,impeachment,hearing"
2020-03-11 06:28:10,-0.478,0.16666666666666666,0.0,0.0,0.0,0.0,0.0,0.3333333333333333,0.3333333333333333,0.16666666666666666,0.0,"depressing,hopeless"
2020-03-11 06:11:26,0.0,0.0,0.0,0.0,0.0,0.0,0.0,0.0,0.0,0.0,0.0,
2020-03-11 06:06:32,0.4215,0.0,0.0,0.0,0.13333333333333333,0.06666666666666667,0.26666666666666666,0.2,0.0,0.13333333333333333,0.06666666666666667,"ignorant,honesty,trump,core,corruption,exposed,public,majority,time"
2020-03-11 06:03:38,-0.3094,0.15384615384615385,0.0,0.0,0.0,0.15384615384615385,0.0,0.15384615384615385,0.23076923076923078,0.07692307692307693,0.0,"trump,break,unrest,start,ugly,daily,necessity,wan,time"
2020-03-10 17:25:45,-0.807,0.0,0.0,0.0,0.0,0.0,0.0,0.0,0.0,0.0,0.0,
2020-03-10 17:25:20,0.0624,0.4,0.0,0.0,0.0,0.0,0.0,0.4,0.2,0.0,0.0,"government,pandemic"
2020-03-10 12:46:45,0.0,0.0,0.0,0.0,0.0,0.0,0.0,0.0,0.0,0.0,0.0,
2020-03-10 12:45:09,-0.0772,0.0,0.2,0.0,0.2,0.0,0.2,0.2,0.2,0.0,0.0,"disagreeing,strongly,persuade"
2020-03-09 14:52:47,0.0,0.0,0.0,0.0,0.0,0.0,0.0,0.0,0.0,0.0,0.0,
2020-03-09 14:52:08,0.0,0.0,0.0,0.0,0.0,0.0,0.0,0.0,0.0,0.0,0.0,
2020-03-09 14:48:56,0.3612,0.0,0.0,0.0,0.0,0.0,0.5,0.0,0.0,0.0,0.0,"coming,attention"
2020-03-08 06:21:51,-0.8173,0.25,0.25,0.0,0.0,0.0,0.0,0.375,0.0,0.125,0.0,"fear,destructive,virus"
2020-03-07 17:39:00,0.0,0.0,0.0,0.0,0.0,0.0,0.0,0.0,0.0,0.0,0.0,
2020-03-07 17:36:17,0.0,0.0,0.0,0.0,0.0,0.0,0.0,0.0,0.0,0.0,0.0,time
2020-03-07 17:35:31,0.0,0.0,0.0,0.0,0.0,0.0,0.0,0.0,0.0,0.0,0.0,
2020-03-07 17:26:12,-0.2732,0.1111111111111111,0.1111111111111111,0.0,0.0,0.0,0.0,0.3333333333333333,0.1111111111111111,0.3333333333333333,0.0,"plague,ignorant,asshole"
2020-03-07 14:26:30,0.6369,0.0,0.0,0.0,0.0,0.0,0.0,0.0,0.0,0.0,0.0,
2020-03-07 14:16:26,-0.1027,0.1,0.1,0.0,0.1,0.1,0.1,0.1,0.1,0.1,0.1,"poverty,good"
2020-03-07 14:10:28,0.1779,0.25,0.0,0.0,0.0,0.0,0.25,0.25,0.0,0.0,0.0,escape
2020-03-07 13:50:56,-0.2323,0.0,0.5,0.0,0.0,0.0,0.0,0.5,0.0,0.0,0.0,"nonsense,politics"
2020-03-07 13:35:07,0.0,0.0,0.0,0.0,0.0,0.0,0.0,0.0,0.0,0.0,0.0,
2020-03-07 13:21:06,0.2732,0.0,0.0,0.0,0.0,0.0,0.0,0.0,0.0,0.0,0.0,
2020-03-07 13:20:06,0.5106,0.2,0.1,0.0,0.1,0.1,0.1,0.2,0.1,0.1,0.0,"revolting,superior,trump,fact,problem"
2020-03-07 13:11:58,0.5859,0.0,0.0,0.0,0.0,0.0,1.0,0.0,0.0,0.0,0.0,agree
2020-03-07 12:54:40,0.0,0.23076923076923078,0.07692307692307693,0.0,0.15384615384615385,0.0,0.07692307692307693,0.15384615384615385,0.15384615384615385,0.15384615384615385,0.0,"rule,infectious,disease,expert"
2020-03-07 12:53:58,0.0,0.0,0.0,0.0,0.0,0.0,1.0,0.0,0.0,0.0,0.0,debate
2020-03-06 16:07:23,0.743,0.07692307692307693,0.07692307692307693,0.0,0.15384615384615385,0.0,0.3076923076923077,0.15384615384615385,0.07692307692307693,0.0,0.07692307692307693,"black,legal,defense,excellent,liberal"
2020-03-06 12:54:38,0.0,0.0,0.0,0.0,0.0,0.0,0.0,0.0,0.0,0.0,0.0,
2020-03-06 05:21:49,0.4003,0.0,0.0,0.0,0.0,0.0,0.0,0.5,0.5,0.0,0.0,black
2020-03-06 04:55:29,-0.6249,0.0,0.0,0.0,0.0,0.0,0.0,0.5,0.25,0.25,0.0,"hypocrite,black"
2020-03-06 04:43:02,-0.7637,0.18181818181818182,0.09090909090909091,0.0,0.09090909090909091,0.0,0.09090909090909091,0.2727272727272727,0.2727272727272727,0.0,0.0,"worse,fact,attention,victim,black"
2020-03-06 04:21:10,0.0,0.0,0.0,0.0,0.0,0.0,0.0,0.0,0.0,0.0,0.0,
2020-03-06 04:19:06,0.0,0.0,0.0,0.0,0.0,0.0,0.5,0.5,0.0,0.0,0.0,"lacking,reading"
2020-03-06 04:08:26,0.0,0.0,0.0,0.0,0.0,0.0,0.0,0.0,0.0,0.0,0.0,
2020-03-06 03:56:08,0.0,0.0,0.0,0.0,0.0,0.0,0.0,0.0,0.0,0.0,0.0,
2020-03-06 03:39:51,0.0,0.2222222222222222,0.1111111111111111,0.0,0.0,0.0,0.1111111111111111,0.2222222222222222,0.2222222222222222,0.1111111111111111,0.0,"choice,pandemic,dying"
2020-03-06 02:49:48,0.0,0.0,0.125,0.0,0.125,0.125,0.125,0.125,0.0,0.0,0.125,"wait,money"
2020-03-05 18:10:33,0.0,0.0,0.0,0.0,0.5,0.0,0.5,0.0,0.0,0.0,0.0,doctor
2020-03-05 17:30:43,0.0,0.0,0.0,0.0,0.0,0.0,0.0,0.0,0.0,0.0,0.0,
2020-03-05 01:03:07,0.0,0.0,0.0,0.0,0.0,0.0,0.0,0.0,0.0,0.0,0.0,
2020-03-04 23:50:06,-0.101,0.09090909090909091,0.0,0.0,0.18181818181818182,0.09090909090909091,0.18181818181818182,0.09090909090909091,0.0,0.09090909090909091,0.18181818181818182,"hypocritical,immigrant,good,food"
2020-03-04 03:47:41,0.5719,0.0,0.0,0.0,0.0,0.0,0.0,0.0,0.0,0.0,0.0,
2020-03-02 04:19:10,0.6705,0.0,0.0,0.0,0.125,0.125,0.25,0.0,0.0,0.0,0.25,"delighted,share"
2020-03-02 01:05:35,0.1779,0.0,0.0,0.0,0.0,0.0,0.0,0.0,0.0,0.0,0.0,
2020-03-02 00:59:18,-0.5517,0.07142857142857142,0.07142857142857142,0.0,0.14285714285714285,0.14285714285714285,0.21428571428571427,0.07142857142857142,0.07142857142857142,0.07142857142857142,0.07142857142857142,"hope,offer,lose,credibility"
2020-03-02 00:45:29,0.34,0.0,0.0,0.0,0.0,0.0,0.0,0.0,0.0,0.0,0.0,coming
2020-03-02 00:08:06,-0.75,0.0,0.0,0.0,0.3333333333333333,0.16666666666666666,0.3333333333333333,0.16666666666666666,0.0,0.0,0.0,"trump,impartial,president,corrupt"
2020-03-01 21:55:20,0.0,0.0,0.0,0.0,0.0,0.0,0.0,0.0,0.0,0.0,0.0,
2020-03-01 19:56:19,-0.126,0.0,0.0,0.0,0.0,0.0,0.5,0.0,0.0,0.0,0.5,create
2020-03-01 19:55:33,0.0,0.0,0.0,0.0,0.0,0.0,0.0,0.0,0.0,0.0,0.0,
2020-03-01 19:55:07,-0.0258,0.0,0.0,0.0,0.2,0.0,0.2,0.2,0.2,0.2,0.0,"doctor,sick"
2020-03-01 04:28:46,0.0,0.0,0.0,0.0,0.0,0.0,0.0,0.0,0.0,0.0,0.0,
2020-03-01 04:26:30,0.0,0.0,0.0,0.0,0.0,0.0,0.0,0.0,0.0,0.0,0.0,
2020-03-01 04:15:32,0.0,0.0,0.0,0.0,0.0,0.0,0.0,0.0,0.0,0.0,0.0,
2020-03-01 04:08:34,0.0,0.0,0.0,0.0,0.0,0.0,0.0,0.0,0.0,0.0,0.0,
2020-03-01 04:04:16,0.1779,0.0,0.0,0.0,0.0,0.0,1.0,0.0,0.0,0.0,0.0,protect
2020-03-01 04:01:31,-0.6597,0.1111111111111111,0.1111111111111111,0.0,0.1111111111111111,0.0,0.2222222222222222,0.1111111111111111,0.1111111111111111,0.1111111111111111,0.0,"public,expert,cancer"
2020-03-01 01:01:31,-0.4767,0.16666666666666666,0.16666666666666666,0.0,0.0,0.0,0.0,0.3333333333333333,0.16666666666666666,0.16666666666666666,0.0,"crazy,weird"
2020-03-01 00:40:05,0.0,0.3333333333333333,0.0,0.0,0.0,0.3333333333333333,0.0,0.3333333333333333,0.0,0.0,0.0,uncanny
2020-03-01 00:26:33,0.0,0.0,0.0,0.0,0.0,0.0,0.0,0.0,0.0,0.0,0.0,
2020-03-01 00:13:40,-0.4939,0.0,0.0,0.0,0.0,0.0,0.0,0.0,0.0,0.0,0.0,
2020-03-01 00:00:21,-0.7351,0.0,0.0,0.0,0.0,0.0,0.0,0.0,0.0,0.0,0.0,
2020-02-29 23:48:27,0.0,0.0,0.0,0.0,0.0,0.0,0.0,0.0,0.0,0.0,0.0,
2020-02-29 23:40:56,0.0,0.0,0.0,0.0,0.0,0.0,0.0,0.5,0.5,0.0,0.0,black
2020-02-29 22:46:51,0.296,0.0,0.0,0.0,0.0,0.0,0.0,1.0,0.0,0.0,0.0,joke
2020-02-29 22:44:33,0.0,0.0,0.0,0.0,0.0,0.0,0.0,0.0,0.0,0.0,0.0,
2020-02-29 22:42:19,-0.9118,0.0,0.0,0.0,0.5,0.0,0.5,0.0,0.0,0.0,0.0,"scientific,facts"
2020-02-29 22:40:50,-0.2732,0.0,0.0,0.0,0.0,0.0,0.0,0.0,0.0,0.0,0.0,"thought,happen"
2020-02-29 22:24:12,0.0,0.0,0.0,0.0,0.0,0.0,0.0,0.0,0.0,0.0,0.0,
2020-02-29 21:57:31,-0.7783,0.0,0.2,0.0,0.2,0.0,0.2,0.1,0.0,0.0,0.1,"moral,time,sex,crime"
2020-02-29 20:55:07,0.0,0.0,0.5,0.0,0.0,0.0,0.0,0.5,0.0,0.0,0.0,versus
2020-02-29 19:32:36,0.0,0.0,0.0,0.0,0.3333333333333333,0.0,0.3333333333333333,0.0,0.0,0.0,0.0,"production,team"
2020-02-29 07:26:06,0.0,0.0,0.0,0.0,0.0,0.0,0.0,0.0,0.0,0.0,0.0,
2020-02-29 07:00:05,0.4019,0.3333333333333333,0.3333333333333333,0.0,0.0,0.0,0.0,0.3333333333333333,0.0,0.0,0.0,delusional
2020-02-27 16:45:00,0.1027,0.2,0.2,0.0,0.0,0.0,0.0,0.2,0.2,0.2,0.0,bad
2020-02-27 16:31:35,0.5984,0.0,0.0,0.0,0.5,0.0,0.5,0.0,0.0,0.0,0.0,important
2020-02-27 01:10:57,0.0,0.0,0.0,0.0,0.3333333333333333,0.0,0.3333333333333333,0.0,0.0,0.0,0.0,"don,thought"
2020-02-26 23:10:40,0.4939,0.25,0.0,0.0,0.0,0.0,0.25,0.25,0.25,0.0,0.0,"concerned,influence"
2020-02-26 18:12:43,0.0,0.0,0.0,0.0,0.0,0.0,1.0,0.0,0.0,0.0,0.0,question
2020-02-26 10:37:01,0.0,0.0,0.0,0.0,0.0,1.0,0.0,0.0,0.0,0.0,0.0,trump
2020-02-26 09:50:36,-0.4588,0.0,0.0,0.0,1.0,0.0,0.0,0.0,0.0,0.0,0.0,system
2020-02-26 09:40:53,0.7227,0.16666666666666666,0.0,0.0,0.16666666666666666,0.0,0.3333333333333333,0.16666666666666666,0.16666666666666666,0.0,0.0,"worse,respectable,model"
2020-02-26 00:17:10,0.0,0.0,0.0,0.0,0.0,0.0,0.0,0.0,0.0,0.0,0.0,
2020-02-24 09:56:42,0.0,0.0,0.0,0.0,0.0,0.0,0.0,0.3333333333333333,0.3333333333333333,0.3333333333333333,0.0,unpopular
2020-02-23 01:57:20,0.0,0.0,0.0,0.0,0.0,0.0,0.0,0.0,0.0,0.0,0.0,
2020-02-23 01:53:44,0.485,0.0,0.5,0.0,0.0,0.0,0.0,0.5,0.0,0.0,0.0,disrespect
2020-02-23 01:49:18,-0.296,0.0,0.0,0.0,0.5,0.0,0.5,0.0,0.0,0.0,0.0,"father,taught,manners,decency"
2020-02-22 02:23:46,0.6369,0.0,0.0,0.0,0.0,0.0,0.0,0.0,0.0,0.0,0.0,
2020-02-22 02:18:20,0.2023,0.0,0.0,0.0,0.0,0.0,0.0,0.0,0.0,0.0,0.0,
2020-02-21 14:07:53,0.4019,0.0,0.0,0.0,0.0,0.0,0.0,0.0,0.0,0.0,0.0,
2020-02-21 14:05:56,0.4404,0.2,0.2,0.0,0.0,0.0,0.0,0.2,0.2,0.2,0.0,socialist
2020-02-21 13:56:40,0.0,0.0,0.0,0.0,0.0,0.0,0.0,0.0,0.0,0.0,0.0,
2020-02-21 13:55:42,0.4019,0.0,0.0,0.0,0.0,0.0,0.0,0.0,0.0,0.0,0.0,
2020-02-20 20:41:42,0.0,0.0,0.0,0.0,0.0,0.0,0.0,0.0,0.0,0.0,0.0,
2020-02-20 20:40:17,0.5267,0.0,0.0,0.0,1.0,0.0,0.0,0.0,0.0,0.0,0.0,believed
2020-02-20 20:39:33,0.3612,0.0,0.0,0.0,0.0,0.0,0.0,0.0,0.0,0.0,0.0,
2020-02-19 17:29:06,-0.4466,0.0,0.125,0.0,0.125,0.125,0.125,0.125,0.125,0.0,0.125,vote
2020-02-19 17:27:48,-0.6908,0.0,0.25,0.0,0.0,0.0,0.5,0.25,0.0,0.0,0.0,"undivided,attention,fighting"
2020-02-19 16:50:09,0.0,0.0,0.0,0.0,0.0,0.0,0.0,0.0,0.0,0.0,0.0,
2020-02-19 16:42:04,-0.6597,0.14285714285714285,0.14285714285714285,0.0,0.14285714285714285,0.0,0.2857142857142857,0.14285714285714285,0.0,0.0,0.14285714285714285,"threat,favorite,candidate"
2020-02-19 16:39:19,0.4404,0.0,0.0,0.0,0.25,0.125,0.375,0.0,0.0,0.0,0.125,"logical,rational,good"
2020-02-18 21:59:29,0.0,0.0,0.0,0.0,0.0,0.0,0.0,0.0,0.0,0.0,0.0,
2020-02-18 18:20:03,0.0,0.0,0.0,0.0,0.0,0.0,0.0,0.0,0.0,0.0,0.0,
2020-02-18 18:15:03,0.0,0.0,0.0,0.0,0.0,0.0,0.0,0.0,0.0,0.0,0.0,
2020-02-18 08:45:13,0.0,0.0,0.0,0.0,0.0,0.0,0.0,0.0,0.0,0.0,0.0,
2020-02-17 22:06:38,0.0,0.0,0.0,0.0,0.0,0.0,0.0,0.0,0.0,0.0,0.0,
2020-02-17 21:54:16,0.0,0.0,0.0,0.0,0.0,0.0,0.0,0.0,0.0,0.0,0.0,
2020-02-17 21:50:02,0.4215,0.0,0.0,0.0,0.0,0.0,0.0,0.0,0.0,0.0,0.0,
2020-02-17 21:49:42,0.3612,0.0,0.0,0.0,0.0,0.0,0.0,0.0,0.0,0.0,0.0,
2020-02-17 21:07:48,0.0,0.0,0.0,0.0,0.5,0.0,0.5,0.0,0.0,0.0,0.0,real
2020-02-17 08:57:25,0.6369,0.0,0.0,0.0,0.0,0.0,0.0,0.0,0.0,0.0,0.0,
2020-02-15 23:54:23,0.0,0.0,0.0,0.0,0.2,0.0,0.2,0.0,0.0,0.0,0.2,"time,white"
2020-02-15 23:26:56,0.4341,0.3333333333333333,0.0,0.0,0.0,0.0,0.0,0.3333333333333333,0.16666666666666666,0.16666666666666666,0.0,"measles,afraid"
2020-02-15 23:23:29,-0.3645,0.0,0.0,0.0,0.0,0.0,0.25,0.5,0.25,0.0,0.0,"defending,black,stupid"
2020-02-15 23:08:29,0.031,0.0,0.0,0.0,0.0,0.0,0.0,0.0,0.0,0.0,0.0,
2020-02-15 01:38:27,0.6908,0.0,0.0,0.0,0.25,0.0,0.25,0.25,0.0,0.0,0.25,"love,constantly,deficit"
2020-02-14 22:16:02,0.0,0.3333333333333333,0.0,0.0,0.0,0.0,0.3333333333333333,0.3333333333333333,0.0,0.0,0.0,"received,suspension"
2020-02-14 22:13:14,-0.2732,0.0,0.0,0.0,0.0,0.0,1.0,0.0,0.0,0.0,0.0,attention
2020-02-14 06:00:27,0.2052,0.0,0.0,0.0,0.0,0.0,0.0,0.6666666666666666,0.3333333333333333,0.0,0.0,"joke,black"
2020-02-14 05:46:05,0.031,0.0,0.0,0.0,0.0,0.0,0.0,0.0,0.0,0.0,0.0,
2020-02-14 05:39:53,-0.5423,0.2,0.3,0.0,0.0,0.0,0.0,0.3,0.1,0.1,0.0,"infidelity,assault,grab"
2020-02-14 05:39:20,0.8176,0.0,0.0,0.0,0.3333333333333333,0.0,0.6666666666666666,0.0,0.0,0.0,0.0,"gaining,strength"
2020-02-14 05:20:42,0.8074,0.0,0.16666666666666666,0.0,0.16666666666666666,0.0,0.16666666666666666,0.16666666666666666,0.0,0.0,0.16666666666666666,"healing,words"
2020-02-14 05:10:50,0.5106,0.0,0.0,0.0,0.3333333333333333,0.0,0.6666666666666666,0.0,0.0,0.0,0.0,"earnest,truth"
2020-02-14 04:45:17,-0.6124,0.0,0.0,0.0,0.0,0.0,0.0,0.0,0.0,0.0,0.0,serial
2020-02-14 04:36:00,-0.6208,0.15384615384615385,0.23076923076923078,0.0,0.0,0.0,0.07692307692307693,0.23076923076923078,0.07692307692307693,0.15384615384615385,0.0,"harassing,homeless,accusing,job,idiot"
2020-02-14 03:42:39,-0.1531,0.16666666666666666,0.16666666666666666,0.0,0.0,0.08333333333333333,0.0,0.16666666666666666,0.16666666666666666,0.08333333333333333,0.0,"start,investigation,shot,perpetrator"
2020-02-14 03:39:30,-0.7845,0.0,0.5,0.0,0.0,0.0,0.0,0.5,0.0,0.0,0.0,retaliate
2020-02-14 03:27:35,-0.7003,0.0,0.0,0.0,0.0,0.0,0.0,0.0,0.0,0.0,0.0,
2020-02-14 03:23:17,-0.3025,0.13333333333333333,0.0,0.0,0.06666666666666667,0.06666666666666667,0.2,0.2,0.2,0.0,0.06666666666666667,"young,black,battered,older,paranoia,learning,worthy"
2020-02-13 04:50:06,0.0,0.0,0.0,0.0,0.0,0.0,0.0,0.0,0.0,0.0,0.0,
2020-02-13 03:43:24,0.3182,0.0,0.0,0.0,0.0,0.0,1.0,0.0,0.0,0.0,0.0,"cool,candidate"
2020-02-12 13:18:35,0.7906,0.0,0.0,0.0,0.3333333333333333,0.0,0.6666666666666666,0.0,0.0,0.0,0.0,"gold,virtue"
2020-02-12 06:55:35,0.1779,0.0,0.0,0.0,0.0,0.0,1.0,0.0,0.0,0.0,0.0,"numbers,nomination"
2020-02-12 06:51:55,0.0,0.0,0.0,0.0,0.25,0.0,0.25,0.0,0.0,0.0,0.25,white
2020-02-12 06:35:24,0.2263,0.3333333333333333,0.0,0.0,0.0,0.0,0.0,0.3333333333333333,0.0,0.0,0.0,"seek,harm"
2020-02-12 05:42:12,0.0,0.0,0.0,0.0,0.0,0.0,0.0,0.0,0.0,0.0,0.0,
2020-02-12 05:24:50,-0.296,0.3333333333333333,0.0,0.0,0.0,0.0,0.0,0.3333333333333333,0.3333333333333333,0.0,0.0,"concerned,copy"
2020-02-12 05:08:01,0.7913,0.0,0.0,0.0,0.0,0.0,0.5,0.5,0.0,0.0,0.0,"talk,joke"
2020-02-12 04:56:14,0.0,0.0,0.0,0.0,0.0,0.0,0.0,0.0,0.0,0.0,0.0,
2020-02-12 04:44:44,0.3612,0.0,0.0,0.0,0.0,0.0,0.0,0.0,0.0,0.0,0.0,
2020-02-12 04:38:07,0.967,0.1111111111111111,0.1111111111111111,0.0,0.3333333333333333,0.0,0.3333333333333333,0.0,0.0,0.0,0.1111111111111111,"landmark,politics,genuine,intelligence,progressive"
2020-02-12 03:51:46,-0.296,0.0,0.0,0.0,0.0,0.3333333333333333,0.0,0.3333333333333333,0.3333333333333333,0.0,0.0,leave
2020-02-12 03:44:24,0.4404,0.0,0.0,0.0,0.14285714285714285,0.0,0.42857142857142855,0.14285714285714285,0.0,0.14285714285714285,0.0,"relevant,corruption,giving,ahead,time"
2020-02-12 03:20:32,0.0,0.0,0.0,0.0,0.0,0.0,0.0,0.0,0.0,0.0,0.0,
2020-02-12 01:24:30,0.4939,0.0,0.0,0.0,0.0,0.0,0.0,0.5,0.5,0.0,0.0,falling
2020-02-12 01:09:48,0.0,0.0,0.0,0.0,0.0,0.0,0.0,0.0,0.0,0.0,0.0,
2020-02-10 22:13:28,0.4215,0.0,0.0,0.0,1.0,0.0,0.0,0.0,0.0,0.0,0.0,poll
2020-02-10 21:45:15,-0.4215,0.0,0.0,0.0,0.0,0.0,0.0,0.0,0.0,0.0,0.0,
2020-02-10 21:25:31,0.0,0.3333333333333333,0.0,0.0,0.0,0.0,0.0,0.3333333333333333,0.0,0.3333333333333333,0.0,parasite
2020-02-10 21:22:27,0.7506,0.07142857142857142,0.07142857142857142,0.0,0.14285714285714285,0.07142857142857142,0.21428571428571427,0.07142857142857142,0.14285714285714285,0.07142857142857142,0.14285714285714285,"found,disrespectful,quiet,applause"
2020-02-10 20:46:18,-0.3182,0.0,0.0,0.0,1.0,0.0,0.0,0.0,0.0,0.0,0.0,fixed
2020-02-10 18:46:55,0.0,0.0,0.0,0.0,0.0,0.0,0.0,0.0,0.0,0.0,0.0,
2020-02-10 18:40:18,-0.1531,0.0,0.0,0.0,0.0,0.0,0.0,0.0,0.0,0.0,0.0,
2020-02-10 13:33:40,0.0,0.0,0.0,0.0,0.0,0.0,0.0,0.0,0.0,0.0,0.0,
2020-02-10 09:03:17,0.0,0.0,0.0,0.0,0.0,0.0,0.0,0.0,0.0,0.0,0.0,
2020-02-10 08:09:21,0.3818,0.0,0.0,0.0,0.2,0.0,0.2,0.0,0.0,0.0,0.2,"long,buddy"
2020-02-10 08:00:16,0.4939,0.0,0.0,0.0,0.0,0.0,0.5,0.0,0.0,0.0,0.5,laughing
2020-02-10 07:39:32,-0.7251,0.09090909090909091,0.18181818181818182,0.0,0.0,0.0,0.18181818181818182,0.18181818181818182,0.18181818181818182,0.18181818181818182,0.0,"attention,hate,speech,unhappy"
2020-02-10 05:19:22,-0.5904,0.0,0.0,0.0,0.0,0.0,0.0,0.0,0.0,0.0,0.0,
2020-02-10 05:08:12,0.0,0.0,0.0,0.0,0.0,0.0,0.0,0.0,0.0,0.0,0.0,
2020-02-10 04:58:56,0.9652,0.0,0.0,0.0,0.0,0.0,0.5,0.0,0.0,0.0,0.25,"time,deserved,masterpiece"
2020-02-10 04:42:10,0.3612,0.0,0.0,0.0,0.0,0.0,0.0,0.0,0.0,0.0,0.0,
2020-02-10 04:41:05,0.0,0.0,0.0,0.0,0.0,0.0,0.0,0.0,0.0,0.0,0.0,
2020-02-10 04:34:14,-0.296,0.3333333333333333,0.0,0.0,0.0,0.0,0.0,0.3333333333333333,0.3333333333333333,0.0,0.0,missing
2020-02-10 04:00:58,0.0,0.0,0.0,0.0,1.0,0.0,0.0,0.0,0.0,0.0,0.0,official
2020-02-10 01:05:46,0.872,0.0,0.0,0.0,0.0,0.25,0.25,0.0,0.0,0.0,0.25,luck
2020-02-10 00:56:59,0.8977,0.07692307692307693,0.07692307692307693,0.0,0.15384615384615385,0.07692307692307693,0.15384615384615385,0.0,0.07692307692307693,0.07692307692307693,0.07692307692307693,"watch,winning,deserve"
2020-02-05 20:57:50,0.3919,0.0,0.0,0.0,0.3333333333333333,0.0,0.3333333333333333,0.0,0.0,0.0,0.3333333333333333,true
2020-02-05 00:01:45,-0.4767,0.0,0.0,0.0,0.0,0.0,0.0,1.0,0.0,0.0,0.0,fake
2020-02-04 19:11:41,0.6808,0.0,0.0,0.0,0.3333333333333333,0.0,0.6666666666666666,0.0,0.0,0.0,0.0,"justice,democracy"
2020-02-04 08:17:43,0.7118,0.0,0.0,0.0,0.0,0.0,0.0,0.0,0.0,0.0,0.0,
2020-01-26 23:20:15,0.4767,0.0,0.0,0.0,0.2857142857142857,0.0,0.42857142857142855,0.0,0.0,0.0,0.14285714285714285,"forward,respect,brother"
2019-10-18 22:03:31,0.4939,0.14285714285714285,0.0,0.0,0.14285714285714285,0.0,0.2857142857142857,0.14285714285714285,0.0,0.0,0.0,"vision,conscience,nervous"
2019-07-01 17:10:38,0.296,0.0,0.0,0.0,0.0,0.0,0.5,0.5,0.0,0.0,0.0,"joke,debate"
2019-07-01 17:08:44,0.8444,0.0,0.0,0.0,0.25,0.0,0.25,0.0,0.0,0.0,0.25,achievement
2019-07-01 17:02:08,0.296,0.0,0.0,0.0,0.5,0.0,0.25,0.25,0.0,0.0,0.0,"policy,offering,rest,joke"
